<?xml version="1.0" encoding="UTF-8" standalone="yes"?>
<addon id="repository.maleemedia" name="[COLOR lime]MaleeMedia Repo[/COLOR]" version="1.4" provider-name="MaleeMedia">
	<extension point="xbmc.addon.repository" name="MaleeMedia">
		<info compressed="false">https://github.com/mredrepo/maleemedia/raw/master/addons.xml</info>
		<checksum>https://github.com/mredrepo/maleemedia/raw/master/addons.xml.md5</checksum>
		<datadir zip="true">https://github.com/mredrepo/maleemedia/raw/master/</datadir>
	</extension>
	<extension point="xbmc.addon.metadata">
		<summary>MaleeMedia Repo</summary>
		<description>Home of MaleeMedia addons.</description>
		<platform>all</platform>
	</extension>
</addon>

