<?xml version="1.0" encoding="UTF-8" standalone="yes"?>
<addon id="repository.maleemedia"
        name="[COLOR lime]MaleeMedia Repo[/COLOR]"
        version="2.0.2"
        provider-name="MaleeMedia">
    <requires>
        <import addon="xbmc.addon" version="17.0.0"/>
    </requires>
    <extension point="xbmc.addon.repository"
        name="MaleeMedia Repo">
        <dir minversion="18.0.0">
            <info compressed="false">https://raw.githubusercontent.com/mredrepo/maleemedia/master/Leia/addons.xml</info>
            <checksum>https://raw.githubusercontent.com/mredrepo/maleemedia/master/Leia/addons.xml.md5</checksum>
            <datadir zip="true">https://raw.githubusercontent.com/mredrepo/maleemedia/master/Leia/</datadir>
        </dir>
    </extension>
    <extension point="xbmc.addon.metadata">
        <platform>all</platform>
    </extension>
</addon>

