<?xml version="1.0" encoding="UTF-8" standalone="yes"?>
<addon id="plugin.program.addoncleanerv2" name="[COLOR lime]Addon Cleaner for Leia[/COLOR]" version="2.0.1" provider-name="MALEE MEDIA">
  <requires>
    <import addon="xbmc.python" version="2.26.0"/>
  </requires>
  <extension point="xbmc.python.pluginsource" library="default.py">
        <provides>executable</provides>
  </extension>
  <extension point="xbmc.service" library="startup.py" start="startup" />
  <extension point="xbmc.addon.metadata">
    <summary lang="en">Automatically cleans up old addons, userdata, packages and Cache.</summary>
    <description lang="en"></description>
	<disclaimer lang="en"></disclaimer>
    <platform>all</platform>
  </extension>
</addon>
