<?xml version="1.0" encoding="UTF-8" standalone="yes"?>
<addon id="plugin.program.lefirmwareupdate" name="[COLOR lime]LibreELEC Firmware Updater[/COLOR]" version="1.5.1" provider-name="Malee Media">
  <requires>
    <import addon="xbmc.python" version="2.1.0"/>
	<import addon="script.module.addon.common" />
  </requires>
  <extension point="xbmc.python.pluginsource" library="updater.py">
    <provides>executable</provides>
  </extension>
  <extension point="xbmc.service" library="service.py" start="startup">
  </extension>
  <extension point="xbmc.addon.metadata">
    <summary lang="en">LibreELEC Firmware Updater</summary>
    <description lang="en">LibreELEC Firmware Updater will update the community version number up or down. Be carefull what you are doing, follow the instructions.</description>
    <platform>all</platform>
	<news>
[B]Version 1.2[/B] Code change for fresh start.
[B]Version 1.3[/B] Added Icon to Notification.
[B]Version 1.4[/B] Import Fresh updater.
[B]Version 1.5.1[/B] Remove Import Fresh updater and add support for TX7 box.
    </news>
  </extension>
</addon>
