<?xml version="1.0" encoding="UTF-8" standalone="yes"?>
<addon id="script.addon.importer.linux" name="[COLOR lime]Addon Importer[/COLOR]" version="18.0.0" provider-name="MALEE MEDIA">
  <requires>
    <import addon="xbmc.python" version="2.26.0"/>
  </requires>
  <extension point="xbmc.python.pluginsource" library="service.py">
        <provides></provides>
  </extension>
  <extension point="xbmc.service" library="service.py" start="startup" />
  <extension point="xbmc.addon.metadata">
    <summary lang="en">Addon Importer</summary>
    <description lang="en"></description>
    <platform>linux windows</platform>
  </extension>
</addon>
