<?xml version="1.0" encoding="UTF-8" standalone="yes"?>
<addon id="plugin.program.kryptonupdatermalee" name="[COLOR lime]LibreELEC Updater for Krypton[/COLOR]" version="1.2" provider-name="MALEE MEDIA">
  <requires>
    <import addon="xbmc.python" version="2.1.0"/>
	<import addon="script.module.addon.common" />
    <import addon="skin.confluence" version="3.1.0"/>
  </requires>
  <extension point="xbmc.python.pluginsource" library="updater.py">
    <provides>executable</provides>
  </extension>
  <extension point="xbmc.service" library="service.py" start="startup">
  </extension>
  <extension point="xbmc.addon.metadata">
    <summary lang="en">LibreELEC Updater</summary>
    <description lang="en">LibreELEC Updater provides easy access to MALEE MEDIA Builds at the click of a button.
Thanks to all Devs who have contributed to this project!</description>
    <platform>all</platform>
  </extension>
</addon>
