<?xml version="1.0" encoding="UTF-8" standalone="yes"?>
<addon id="plugin.program.coreelecfirmware" name="[COLOR lime]CoreELEC Firmware Updater[/COLOR]" version="1.0.0" provider-name="Malee Media">
  <requires>
    <import addon="xbmc.python" version="2.26.0"/>
	<import addon="script.module.addon.common" />
  </requires>
  <extension point="xbmc.python.pluginsource" library="updater.py">
    <provides>executable</provides>
  </extension>
  <extension point="xbmc.service" library="service.py" start="startup">
  </extension>
  <extension point="xbmc.addon.metadata">
    <summary lang="en">CoreELEC Firmware Updater</summary>
    <description lang="en">CoreELEC Firmware Updater will update the community version number up or down. Be carefull what you are doing, follow the instructions.</description>
    <platform>all</platform>
	<news>
    </news>
  </extension>
</addon>
