<?xml version="1.0" encoding="UTF-8" standalone="yes"?>
<addon id="plugin.program.adultaddons" name="[COLOR lime]Install Adult Extras[/COLOR]" version="1.6" provider-name="MR ED REPO">
  <requires>
    <import addon="xbmc.python" version="2.1.0"/>
	<import addon="script.module.addon.common" />
  </requires>
  <extension point="xbmc.python.pluginsource" library="default.py">
        <provides>executable</provides>
  </extension>
  <extension point="xbmc.addon.metadata">
    <summary lang="en">Adult Extras</summary>
    <description lang="en">Installs the adult build only if you want it.
Thanks to all Devs who have contributed to this project!</description>
    <platform>all</platform>
  </extension>
</addon>
